<?xml version="1.0" encoding="UTF-8"?><!--
        *** GENERATED FROM jax-ws.xml - DO NOT EDIT !                             ***
        *** TO MODIFY wsimport options USE Web Service node -> Edit WS Attributes ***
        *** TO CHANGE TARGETS GENERATED TO jaxws-build.xml COPY THOSE             ***
        *** TARGETS TO ../build.xml AND MODIFY THAT FILE INSTEAD                  ***

        --><project xmlns:xalan="http://xml.apache.org/xslt" xmlns:j2seproject3="http://www.netbeans.org/ns/j2se-project/3" xmlns:jaxws="http://www.netbeans.org/ns/jax-ws/1">
    <!--
                ===================
                JAX-WS WSIMPORT SECTION
                ===================
            -->
    <target name="wsimport-init" depends="init">
        <mkdir dir="${build.generated.sources.dir}/jax-ws"/>
        <taskdef name="wsimport" classname="com.sun.tools.ws.ant.WsImport">
            <classpath path="${libs.jaxws21.classpath}"/>
        </taskdef>
    </target>
    <target name="wsimport-client-WebService_Employee" depends="wsimport-init">
        <mkdir dir="${build.generated.dir}/jax-wsCache/WebService_Employee"/>
        <property name="wsdl-WebService_Employee" location="xml-resources/web-service-references/WebService_Employee/wsdl/localhost_8080/WebApplication_employee/WebService_Employee.wsdl"/>
        <wsimport sourcedestdir="${build.generated.dir}/jax-wsCache/WebService_Employee" destdir="${build.generated.dir}/jax-wsCache/WebService_Employee" wsdl="${wsdl-WebService_Employee}" catalog="catalog.xml" encoding="${source.encoding}" extension="true" verbose="true" fork="false" wsdlLocation="http://localhost:8080/WebApplication_employee/WebService_Employee?wsdl" xnocompile="true" xendorsed="true">
            <depends file="${wsdl-WebService_Employee}"/>
            <produces dir="${build.generated.dir}/jax-wsCache/WebService_Employee"/>
        </wsimport>
        <copy todir="${build.generated.sources.dir}/jax-ws">
            <fileset dir="${build.generated.dir}/jax-wsCache/WebService_Employee">
                <include name="**/*.java"/>
            </fileset>
        </copy>
    </target>
    <target name="wsimport-client-clean-WebService_Employee" depends="-init-project">
        <delete dir="${build.generated.dir}/jax-wsCache/WebService_Employee"/>
        <delete dir="${build.generated.sources.dir}/jax-ws/webapplication_employee"/>
    </target>
    <target name="wsimport-client-WebService_Customer" depends="wsimport-init">
        <mkdir dir="${build.generated.dir}/jax-wsCache/WebService_Customer"/>
        <property name="wsdl-WebService_Customer" location="xml-resources/web-service-references/WebService_Customer/wsdl/localhost_8080/WebApplication_customer/WebService_Customer.wsdl"/>
        <wsimport sourcedestdir="${build.generated.dir}/jax-wsCache/WebService_Customer" destdir="${build.generated.dir}/jax-wsCache/WebService_Customer" wsdl="${wsdl-WebService_Customer}" catalog="catalog.xml" encoding="${source.encoding}" extension="true" verbose="true" fork="false" wsdlLocation="http://localhost:8080/WebApplication_customer/WebService_Customer?wsdl" xnocompile="true" xendorsed="true">
            <depends file="${wsdl-WebService_Customer}"/>
            <produces dir="${build.generated.dir}/jax-wsCache/WebService_Customer"/>
        </wsimport>
        <copy todir="${build.generated.sources.dir}/jax-ws">
            <fileset dir="${build.generated.dir}/jax-wsCache/WebService_Customer">
                <include name="**/*.java"/>
            </fileset>
        </copy>
    </target>
    <target name="wsimport-client-clean-WebService_Customer" depends="-init-project">
        <delete dir="${build.generated.dir}/jax-wsCache/WebService_Customer"/>
        <delete dir="${build.generated.sources.dir}/jax-ws/webapplication_customer"/>
    </target>
    <target name="wsimport-client-generate" depends="wsimport-client-WebService_Employee, wsimport-client-WebService_Customer"/>
</project>
