<?xml version="1.0" encoding="UTF-8"?>
<project-private xmlns="http://www.netbeans.org/ns/project-private/1">
    <editor-bookmarks xmlns="http://www.netbeans.org/ns/editor-bookmarks/2" lastBookmarkId="0"/>
    <open-files xmlns="http://www.netbeans.org/ns/projectui-open-files/2">
        <group>
            <file>file:/C:/Users/DELL/Documents/NetBeansProjects/CSA%20CW/CSA%20CW/EBanking_Client/src/BankingSystem_Client/EditDetails.java</file>
            <file>file:/C:/Users/DELL/Documents/NetBeansProjects/CSA%20CW/CSA%20CW/EBanking_Client/src/BankingSystem_Client/WelcomePage.java</file>
            <file>file:/C:/Users/DELL/Documents/NetBeansProjects/CSA%20CW/CSA%20CW/EBanking_Client/src/BankingSystem_Client/DeleteDetails.java</file>
            <file>file:/C:/Users/DELL/Documents/NetBeansProjects/CSA%20CW/CSA%20CW/EBanking_Client/src/BankingSystem_Client/CustomerPage.java</file>
            <file>file:/C:/Users/DELL/Documents/NetBeansProjects/CSA%20CW/CSA%20CW/EBanking_Client/src/BankingSystem_Client/LoginPage.java</file>
            <file>file:/C:/Users/DELL/Documents/NetBeansProjects/CSA%20CW/CSA%20CW/EBanking_Client/src/BankingSystem_Client/AddNewCustomer.java</file>
            <file>file:/C:/Users/DELL/Documents/NetBeansProjects/CSA%20CW/CSA%20CW/EBanking_Client/src/BankingSystem_Client/AddDetails.java</file>
            <file>file:/C:/Users/DELL/Documents/NetBeansProjects/CSA%20CW/CSA%20CW/EBanking_Client/src/BankingSystem_Client/Main.java</file>
            <file>file:/C:/Users/DELL/Documents/NetBeansProjects/CSA%20CW/CSA%20CW/EBanking_Client/src/BankingSystem_Client/Customer2.java</file>
            <file>file:/C:/Users/DELL/Documents/NetBeansProjects/CSA%20CW/CSA%20CW/EBanking_Client/src/BankingSystem_Client/EditCustomerDetails.java</file>
            <file>file:/C:/Users/DELL/Documents/NetBeansProjects/CSA%20CW/CSA%20CW/EBanking_Client/src/BankingSystem_Client/employeePage.java</file>
        </group>
    </open-files>
</project-private>
